<?xml version="1.0" encoding="UTF-8"?>
<project-private xmlns="http://www.netbeans.org/ns/project-private/1">
    <editor-bookmarks xmlns="http://www.netbeans.org/ns/editor-bookmarks/2" lastBookmarkId="0"/>
    <open-files xmlns="http://www.netbeans.org/ns/projectui-open-files/2">
        <group>
            <file>file:/C:/Users/Dell%205420/Documents/NetBeansProjects/ICETASK1PROG6112/src/icetask1prog6112/Reptile.java</file>
            <file>file:/C:/Users/Dell%205420/Documents/NetBeansProjects/ICETASK1PROG6112/src/icetask1prog6112/Animals.java</file>
            <file>file:/C:/Users/Dell%205420/Documents/NetBeansProjects/ICETASK1PROG6112/src/icetask1prog6112/ICETASK1PROG6112.java</file>
            <file>file:/C:/Users/Dell%205420/Documents/NetBeansProjects/ICETASK1PROG6112/src/icetask1prog6112/Bird.java</file>
        </group>
    </open-files>
</project-private>
